expr_BRCA1,expr_SPOP,expr_FOXA1,expr_MYC,expr_BRCA2,expr_TP53,expr_KLK3,expr_ATM,expr_ERG,expr_NKX3-1,expr_AR,expr_PTEN,expr_CHEK2,submitter_id
1.166488981904263,4.054187277289026,5.858390478466332,4.709255388780054,0.659280111048368,3.9759644733649218,8.66229879617978,2.3600895580624717,1.9323181955358464,6.764407174005668,4.187969990295556,3.6543578826795162,1.8542333604834091,TCGA-KC-A4BL
1.1398821828663266,4.9539287781350785,4.465905819801367,3.626687510940819,0.1872261761274098,3.2555818403564722,8.382171660515517,2.3459797753132348,2.1642076916993815,5.889499925535993,4.112212312314134,3.8950762163413075,1.115043225125856,TCGA-EJ-7123
0.8787549983450508,4.301538932171498,6.040751016668945,4.586988903601611,0.17210285659962277,4.164503198385732,9.575325510400262,1.8829399213120472,5.132909562384823,7.75893170798823,3.748013553889387,2.909934705055233,1.5293118679548154,TCGA-G9-6361
2.8890430978404074,4.032210259744394,5.81092330461365,5.684454894507256,0.04564235787870107,3.753261713043204,5.914410701665667,2.5192034011397793,1.008286333619738,7.142750639322226,6.204962933001316,1.999234237127643,2.319688000893708,TCGA-XQ-A8TA
0.9031244353423962,4.113197392198348,5.374909358112267,2.9424897121582716,0.28803201121606886,3.261341268186371,9.96750710153095,1.9695150623012316,2.020699521656073,7.253019396362878,3.998982047715006,3.4630541852072607,1.339883863297227,TCGA-HC-8259
0.7942134892947482,3.7777896522012036,5.9919666710226664,4.042433533216153,0.13409373448069878,3.6250899856996477,10.495345158789616,1.615757899178918,1.199723790036521,7.136095543959216,4.200879388107696,3.235127055374245,1.5180241317977852,TCGA-XK-AAK1
1.5585866256099705,4.104149668009168,6.506030965369583,4.886299586500955,0.26020809545102586,3.699844121838626,9.111257830755328,2.4046180785591633,5.651363283526825,7.593434644694561,4.175588087087536,3.4302965313540845,1.6390743815624067,TCGA-CH-5790
0.9282588276500089,3.9540628181067556,5.468850545982482,3.2684808950067903,0.31787174361483855,3.5881885742718866,9.73826648142214,1.8105157977104984,2.344235544249233,6.917206673506085,3.7188046940633512,3.4367736413423424,1.245076359204353,TCGA-ZG-A9L6
1.237156098116169,3.8417872189851754,6.136047891301468,4.079477932820054,0.31232590336454086,3.8907625960838574,8.742981482321484,2.0853366314433535,4.982071882955243,6.950677019492032,3.5854032730930605,3.185807029802739,1.2676797297836484,TCGA-V1-A8WS
0.8714188810786175,4.03872261447219,6.123349898249228,4.574368651875071,0.178146185383474,3.9620048402283845,9.943763185027828,2.2350768332112847,5.1838869545630155,7.471873145905688,3.8221683173305796,3.48162463077477,1.816972271699459,TCGA-HC-8213
1.0284401506911072,4.179962468782619,6.165483818442288,4.157309971668044,0.38926797320559314,3.9356614039935454,9.53316797104588,1.9806289857102415,5.413284886802583,7.387151657918978,3.7749218200973447,3.353147943087771,1.8288143771790661,TCGA-KK-A6E6
1.4332733623138854,4.0628229348991445,6.0774222650271374,4.495635414679273,0.4659328548752541,3.716616209085536,9.511220841134106,2.2001536168420994,1.5176734391762705,7.597719750091369,4.217868126507173,3.191677275038227,1.673069772678874,TCGA-EJ-5501
1.0748658949381091,3.9898836418071104,6.2570996105220775,5.125236978320016,0.22282350010328444,3.83012290720559,10.14778974076154,1.8284931178397035,4.9224596031925305,7.247580886764175,3.857408412154923,3.1800684662721523,1.905668343335838,TCGA-J4-A83N
1.1686357400362506,4.22901530554005,6.188698525636054,3.407063475772948,0.34224127794112896,3.346702476355506,9.988510495149809,2.072228087161534,4.45228587064941,7.35478361083229,3.9669845635021206,3.4769354530533265,1.5465407102619877,TCGA-EJ-A8FO
1.1914952828148233,4.129581388688143,5.812363000512279,3.9467683343569906,0.3657536078719364,3.5211735661640624,9.647762330275489,2.3374791519713662,2.0746425448931234,7.676888442129758,4.198552914394417,3.458830867822562,1.3826878655257788,TCGA-EJ-7321
1.06208660731866,3.193024541277767,5.435827645395673,3.4451185687200834,0.6148071891086939,2.948341879249454,7.884519505959543,2.6037927805149472,1.5057204906024284,6.614414962148423,4.559831757718107,3.353091982987308,1.3727530905532233,TCGA-HC-8265
1.1468626246168205,3.9287109833142546,5.76190986333281,5.030065302959201,0.3064547577750645,3.42844931801371,8.37046625065531,1.794389341414071,2.3331724922618364,6.4873673777960725,3.934723390948922,3.3654665717063565,1.5642103944974108,TCGA-V1-A9O7
0.5099452363386834,3.982386403980345,5.268587274637254,3.1113440648755626,0.16067222538889844,3.0836195168607077,10.678388942238126,1.1093543852000118,1.2382292930040264,6.821975470573221,3.3721701381182507,3.2600523165469126,1.3360005670654236,TCGA-KK-A6E3
1.5582919756099434,4.1346848407358285,6.389441354411496,5.282252515056345,0.5038010088290262,4.0695155236594625,9.946270437653167,2.4482772429652098,1.3269954226967966,7.860604799615019,4.487668485753186,3.6870577959016666,1.7852382522377896,TCGA-CH-5748
1.096242817019375,3.887670884863785,6.789261115534312,4.30131672530412,0.3378284593923531,3.5475376393974365,9.157811946707378,2.28919585587503,5.3073217055375075,7.627640004223109,4.110750905794568,3.4634081957905485,1.4212753300151362,TCGA-ZG-A9L1
1.1003441215128684,3.653475049582474,6.0579540544586585,4.510041589696483,0.23507212217948356,3.7067414741591183,9.785662093479885,1.8653196723360834,1.8779677460412723,7.673929336808976,4.121896497684016,3.6083551721687885,1.5053876491317466,TCGA-YL-A8SQ
0.9558190900075585,4.063715237175437,5.8292435144110195,3.5796754505993835,0.21074703097765846,3.7454913297401915,10.046767815746815,1.5098827353645088,1.6754503468276718,7.4650778681173655,3.6754876832935244,3.4626530306288754,1.3633839095367846,TCGA-G9-6342
1.7078886101909079,4.175949126485465,6.621223611227719,4.623015015695716,0.4892546338378476,4.057445418805831,9.40043590793858,2.37056144800314,5.244861208540571,7.612220765182024,4.532141323693528,2.7896916301394437,1.6327441986643347,TCGA-HC-7230
1.4872702784598928,3.712754659547353,6.249419875716817,4.57306529521225,0.5392381382026685,3.812666650888011,7.708721036689948,1.8853712378513332,1.2396777289467125,7.103841746545925,3.480479800389283,3.0847636922182566,1.362565034420654,TCGA-G9-A9S0
0.6126418659002953,3.9088820778755795,5.885588342950139,3.5980708768759215,0.21776913497675482,2.9560918723439964,10.173966698264968,1.2139033330028444,5.098444685920664,6.814296763788286,3.706734106907778,0.9942882726958825,1.9797040758920303,TCGA-EJ-A46F
1.185554218801918,3.9864474989122773,6.035856720946921,3.5370386045735684,0.3761049528016777,3.6160587300238913,9.856958705909861,2.5278464002792567,1.6391132127438501,7.240455625246082,4.7897375523960575,3.626506586255547,1.4901587581501792,TCGA-XK-AAIR
1.3521686463905147,4.036042553550308,6.100198541183526,4.254860654045514,0.3896744222018403,3.756930548935095,9.103345643942639,1.8610056419648693,1.9220564701759129,7.709387693179821,4.562858540822379,3.669163873029125,1.6996624550070674,TCGA-EJ-5509
0.8784642463336985,3.821268632159682,6.209525604403306,4.156495861210921,0.14747127935820828,3.3552092880237336,10.21348974984385,1.912604478920258,1.588949450006764,7.401098471713671,4.0044800279383725,3.463949933906305,1.2085423480403057,TCGA-G9-6494
0.4568550644904604,3.211565167010762,5.597041747685544,4.459708480782492,0.14513876566623868,3.181456368477481,10.090580284151956,1.4155132997891107,1.5160279261180696,6.521121297003912,3.4955252609854783,2.915487045374561,1.0137803531514122,TCGA-J9-A8CN
1.0178359786408218,3.847394880276255,5.7903282988484985,4.351196224281279,0.2178495628531001,3.401653944088334,9.66859124485037,2.1395483824119546,1.6762550854714175,7.325760891897924,3.96336039884332,3.242791550394097,1.3714344982128666,TCGA-EJ-A7NH
1.1989401617978614,5.518264213844083,3.4929466836049015,3.675624493983213,0.25642357654900866,3.336303241744165,7.039985099929622,2.117495709298761,2.554681437720818,4.8050221827715545,3.3556350025850645,3.9976996587369573,1.7858922909500081,TCGA-EJ-7783
0.6169678338211274,3.8751888821024156,4.9070369286430955,3.3534416822495094,0.17965132823807572,3.2854572578396537,9.051100554427165,1.0838370030859554,1.4284674425110868,6.01981874060451,3.095559508812397,2.9831231111388217,1.562933134778347,TCGA-J4-A67Q
1.1105408595333834,4.182407330750334,5.725192958984009,3.6785689834181996,0.3462811147547166,3.732891554830269,9.469124983277183,2.2420810889030007,1.9895715372507932,7.194540974808402,3.666355176485255,3.439436844315824,1.620773422097846,TCGA-EJ-A8FU
1.5558261429854512,4.271800132616894,6.49094809198865,4.439794237920278,0.7071487001957589,3.7150977315538882,9.535704621275622,2.829181698472234,5.45784740876909,7.9226504314137145,4.549049468848756,3.308775028070955,1.7519265687263317,TCGA-EJ-5522
2.043555263115427,4.163099183107409,6.219327146180566,4.846784497665189,0.883850181381815,4.198320119267345,8.929934457301814,2.2681592659790284,6.030114424288484,7.678496078336547,4.752719985000629,1.4673673071463698,2.1682076282657268,TCGA-YL-A8SL
1.5015408491242772,4.026454653676403,6.36018406308873,4.4926272718820215,0.2723907538828223,2.1015209868227154,9.642267407813959,2.0574004108029555,5.859754922627151,7.5756069077203785,4.3659760098051805,3.120548297445616,1.716245380750838,TCGA-VP-A87K
1.308467945655384,4.381665319407381,6.2214991008334,4.358141133781217,0.4925598149590981,3.7157623492101957,9.653484081717718,2.5419405188355313,4.570196680664993,7.263207816085978,4.12856883959402,3.385257683638161,1.4847813078345447,TCGA-FC-7708
1.955110552389908,4.137720093690033,6.380892409962958,3.620844159717951,0.7549005768354274,3.994680752442357,9.349952529221065,1.8466105936922368,5.772650049404955,7.746828884133048,3.9990572154904327,2.188654626653152,2.2049502131672765,TCGA-HC-7213
1.3813320692900757,3.884997072762501,6.042524514276854,1.7331765117957572,0.42146968224988,2.8889596502301593,9.81509705044505,1.1654918175076545,1.719117089235943,6.72493231650536,4.182892535820024,2.447844937647174,2.0992809330060926,TCGA-KK-A6E7
1.1511098576258638,4.0094182826325,6.240655305330399,3.515703944427633,0.2876570721392757,3.5325092295853797,9.549333963024452,1.835026472277396,5.435492487723516,7.556241177296261,3.849438839959481,2.9532161364509126,1.5299617109323036,TCGA-G9-A9S7
0.8433328673238295,3.807923916059765,5.5063992583967325,4.38383874181554,0.4032626845529643,3.6925203181174475,9.058049859298082,1.7585301053766131,1.9359319606712708,6.7097132810208695,3.784689508959912,3.4347868846557104,1.2039628042759356,TCGA-HI-7168
0.485200076127018,3.144690926678824,4.740912757154489,3.598339130437364,0.10598032353723204,2.7571704695114008,8.80403740796477,0.9122827104766162,1.7144103528004506,6.194047367838317,3.1431388342764457,2.636038491791916,1.213427963096691,TCGA-G9-6338
1.306628665701635,4.17760209679758,6.306531823382796,3.883814870624528,0.43909328908814843,3.7002050764438508,9.63492703890473,2.600606034669571,4.742608561405925,7.76795689805134,4.500321761411465,2.892541624254718,1.6951200730736276,TCGA-EJ-7315
1.3001644137388433,4.263911512632919,5.783578998182753,4.1867125392015865,0.39393219229444015,3.827725760030643,9.403888169726157,2.51258666556131,2.41050632721175,7.080177330297959,4.216473695455164,3.8653505972297153,1.6628459691347166,TCGA-EJ-7792
1.0101088900767061,4.001693676691653,6.05637760747198,4.503042217792267,0.4775997058673635,3.766897806469879,8.447299600117246,2.096716467224018,1.827142700452031,6.752447112859337,3.3631423887928897,3.396312134918828,1.5992057418678514,TCGA-KK-A8IL
1.033931535193777,4.098487634499858,5.721510729706959,4.015117355270775,0.35206433138104914,3.5497639277669117,9.652431085266134,1.6904647510764736,1.6833201448248047,7.254110941813926,3.797137268545248,3.499853472808434,1.3648408719007186,TCGA-HC-7750
1.4849625329165919,3.570698214184754,6.233669863112138,5.381278427068997,0.7650491498490233,3.786561818063317,9.162235872185196,2.1066918561699963,1.2025217520586213,7.458973390643616,4.6901260351605085,3.255053450986789,2.0844290831908747,TCGA-YL-A9WI
0.8278965811115597,4.172900010627503,6.251015820361371,4.193889701307978,0.31005492330350615,3.428452561728607,8.573711719461821,1.8522429046075657,5.170729987506796,7.289630111702963,4.349575754403373,3.3545459288183426,1.5859236053690324,TCGA-J9-A52B
0.4931096179602107,3.2205184749794764,4.731904153374675,3.433716200024819,0.12177505692592092,3.4334999890407816,10.395773446694845,0.8084382248946799,0.6221344133135258,6.478183475350668,3.1832693723988825,2.456421437708913,1.4898883173299966,TCGA-KK-A7AW
2.2908161093940467,3.8191354886045383,5.892733397453217,3.8282891605482554,1.674513789170288,3.9651162788809753,6.890495074987093,2.0814520193145962,4.157358484248853,6.412094255894232,4.054806465374609,2.2130213706313007,2.3867699792194936,TCGA-ZG-A9N3
2.4050514245385357,3.386848256952031,6.516360369740901,4.84883610552283,1.4112796138137993,3.840909315165503,7.986517043207017,0.7608525569139583,0.9061999911639844,7.389345338059696,4.3301845054935395,3.3207426446717525,2.946400212585006,TCGA-FC-A4JI
0.9742199596717911,4.039045007867152,6.061449692794683,3.8390027491892336,0.1844027229977792,3.7948215506208305,9.722683793304471,1.435774763210787,5.396936157765204,7.593964648491126,3.734077459915147,3.1086992863225085,1.6889697203898295,TCGA-HC-A6HY
1.3298562760161876,3.594873673211347,5.10021941429763,3.548455792851118,0.7640249411933822,3.4279691321595833,7.755530439729113,1.5520841854041252,3.2795079760680546,5.914918759742071,3.5036877824780097,3.7144570408528033,1.8847184021681378,TCGA-J9-A52E
0.9221137451769438,3.9318883758539735,5.737199842467124,4.684945781067158,0.35501356461206623,3.680106080374938,9.644507196686305,2.124092197513572,4.770237066699509,7.016578203578091,3.806589153747966,3.3729625026473715,1.6453454507725187,TCGA-HC-A8D1
1.2071975990815504,4.101594881685882,5.756672476960267,3.9612435531597607,0.3420992324863446,3.8976278911441202,9.629892510313114,1.8665422136717407,2.182043255340555,6.724128430665738,4.132213400465669,3.649124598331877,1.4088383255547852,TCGA-CH-5771
0.4902350861499817,3.367650939341476,5.666930367473057,3.1361852814361932,0.104720310770403,3.882431462650636,9.513218389000718,1.4209131555155052,5.294888996397358,6.9457589056321805,3.002320523297511,2.5401363530089713,1.383264776559526,TCGA-VN-A88M
0.6526897029286691,3.346445481608402,5.369196990331258,2.7330744660069457,0.031110995025052664,3.1573365348703337,10.058473120889806,0.9947321581807177,1.03592094932819,6.949644735561989,3.2788866112673944,2.8247956616266,0.9349947166679268,TCGA-G9-6343
0.6024015672532002,3.811583694089388,5.3789844946151915,3.8819966939211734,0.09194087369835728,3.682894077430927,10.146358010632733,1.1594251280646222,1.2985554468118838,6.95530610405947,3.5326641444044613,2.9688953636003985,1.6895606169078075,TCGA-HC-A6AQ
1.2914065920875724,4.075616956882699,6.371919833987101,3.1787827313017565,0.4252677354043441,3.6496317405961487,9.988508704090343,1.9423036534612017,1.1762829545042726,7.189035654225892,4.051835381314122,3.6953211616934123,1.7010321055950974,TCGA-EJ-A65E
0.9923624888253992,3.7776912926328543,5.805069002885356,3.7866434390562818,0.3529078573694884,3.7753438065128924,9.546937365100694,1.7704847589492,2.019558832078459,7.268770848759418,3.3622278369634366,3.0314757944290056,1.0905801169708453,TCGA-ZG-A9LY
0.8895770783557316,3.460892944586019,5.523037274758608,4.01287236108724,0.18481843699254183,3.5473850118271297,9.423820720571996,0.9127243799945467,0.6113946786876863,7.160645653695757,3.96290431496159,2.807750729207828,2.0380334379311194,TCGA-M7-A722
1.5772658987277492,3.973246036397398,6.240256936609938,4.336444631348808,0.6105261518716084,1.9342857033678604,9.788824732066452,2.5045376937371486,1.619249619818093,7.180999373639098,5.051262069562512,3.3182214875111775,1.9079560619638796,TCGA-YL-A8SC
0.9075324902002554,4.367008169999702,5.909238791651981,4.522284106427988,0.24639121803390018,3.9003916223981925,10.036112587667763,1.7555276183059954,4.304277232863123,7.026331333449301,3.82204140350271,3.1951239696268363,1.5087110890676183,TCGA-J4-A67T
1.1973106614523856,3.843682064245589,5.528768949033036,3.7802181215293245,0.1697427745870945,3.378095919187437,10.101749844667317,1.0008892001394947,1.1276855361538167,5.797515654073048,3.113813042661149,2.749326492414049,2.021428350857404,TCGA-HC-A6AO
0.9718011218017226,3.888314158781339,6.494059844464715,3.1054114503558337,0.3094680257736381,3.9236926494941367,10.10040891575556,2.210667153032708,1.4775965195266767,7.266671609137015,4.524415558292956,2.12543016615145,1.3552679825147678,TCGA-VP-A87J
1.3108970966474436,3.9351885990597513,5.9215607251172955,5.3980169895448125,0.3357576956833441,2.3532211714625184,8.680230411578199,1.910238558878938,2.1539342612373535,7.183200308295964,4.424510048272802,3.6191407688627426,1.774579400018202,TCGA-V1-A9Z7
1.2737413748805597,4.692103559935563,4.9409607617599,4.120065913771732,0.5558372295953387,3.516901220248578,8.588045407916075,2.3477783197427993,2.4109461026641106,6.226018946359269,4.424886152033961,4.294654738159442,1.2671166032905603,TCGA-EJ-7328
1.137704788474206,3.9664638411063926,6.183004937903569,4.9527314260037265,0.3717704315840673,3.494238322022437,8.796445114802783,2.3872938209209997,5.0797912633931475,6.977476844906796,3.583021592577927,2.723746369208534,1.6817027585025814,TCGA-XQ-A8TB
1.0676718657614728,3.9643156003485602,5.808047290253898,4.479722602584736,0.3826058139620818,3.7342064856989783,9.323792621077438,1.9002849710290377,2.6198890724923376,7.263859680192316,3.7994319679920445,3.3845292367393722,1.7059292126228616,TCGA-VP-A878
0.6483067060867914,3.847448216966257,6.009094963921129,3.5458574535189147,0.09330817713365178,3.0916286451506947,9.794289700377792,1.6884154376175275,4.4022629914252525,7.145408967236373,3.8193659030992877,3.075351814782158,1.255331096601078,TCGA-2A-A8VL
1.1191662676158587,3.908597143859955,6.0186207080355585,4.179788044039568,0.30858703313167724,4.031276958754526,9.968654669815741,2.128981424739814,1.823984616522792,7.358491605120128,4.256599456865741,3.0335481542382166,1.4148089290180919,TCGA-EJ-5510
1.1729773706234163,3.8693117273350834,6.260663478858139,4.007971163499233,0.3088807835927746,4.1649692127443005,10.225975411969594,1.7619873108943849,5.191198639475318,6.869464349446071,4.081328553644032,2.063705883043771,1.4076888579740474,TCGA-CH-5744
1.6081370667010524,3.9837797871271574,6.202564868983875,4.80692011704776,0.6120455791229038,3.4290913684464512,10.03097590773473,2.306108877167662,2.2032729158704227,7.461857437618033,4.6514925457267084,3.283962945497549,1.3678757755958726,TCGA-EJ-5519
1.4135933303076715,3.994246103552617,6.433278299206519,5.256487051343298,0.32244575238807205,3.3574057042174954,9.376546748975175,2.5976026945439736,5.6970743588056925,7.446575355819711,3.9336338009240372,3.5078970003212113,1.9794416322641055,TCGA-KK-A6E2
1.641401587639493,3.7392659624952973,6.038340976492675,4.7255064039433,0.4688779959582253,2.673037687709442,9.106557655382957,1.9580645555132363,5.29263173392809,7.503393925125973,3.957332834537178,2.627779689705598,2.202201062954191,TCGA-KK-A7B4
0.4969497982303427,3.121165968140897,4.555141354987549,1.934863646196506,0.18073696866371633,3.102800330533002,8.5072084897724,1.1601149562620514,0.7750036270297775,6.578749697383772,2.791686444285877,2.5758284267436853,1.0537543830262828,TCGA-X4-A8KS
1.666271829186119,4.573964308061798,6.322189226693796,3.7262378573209483,0.661398482245365,3.5947747973745985,9.32167845234315,2.2230330982345645,5.4041857032429315,7.886037716611035,4.376878405253232,3.757504924784139,2.1249286376732264,TCGA-EJ-5507
1.036524096354688,3.853781416930986,6.158599282364955,4.28153618541268,0.20514250020465719,3.7581722806098856,10.533456260007059,1.9415578343164495,1.6241885843800083,7.40062387608286,4.377972176455199,2.759990952510887,1.4004684326757726,TCGA-CH-5737
1.0154842707605407,3.9893099193878836,6.479904828237975,4.79146965372627,0.28623102018446617,3.4226032981664303,9.912754080342342,2.502247098080885,5.528910302171926,7.591059425432412,4.086836446731779,2.964664633589094,1.6921785159730798,TCGA-J4-A83I
0.7195943505747936,3.335178654448784,5.057303207884587,3.349907596040379,0.1797348808971877,3.298019667144789,10.279423312802296,0.8969855808161495,0.8974340570238499,6.452219602336613,3.1416707539592292,2.7414785297144064,1.5821900379409632,TCGA-QU-A6IO
1.041265621815557,4.344141728932482,5.639412472651816,3.828658787642216,0.2655898259769649,3.9254543990585637,9.395212880657281,2.1035608192133624,2.0475121818856628,7.302791865255381,3.8171979079523624,3.574985409021203,1.5801944604644318,TCGA-EJ-A7NG
1.1770228959593374,4.2532069814935465,6.015312900973204,4.838630733598746,0.5030152016740136,3.7781601292976075,9.693958427901363,2.1469716772233207,3.8075176795468355,7.664456621356944,3.897286961295251,2.7805134881692526,1.8535755378525174,TCGA-KK-A8I6
1.2038727993256026,3.774081904314923,6.167257966907859,2.879709562616517,0.6122624518194815,3.369548463315625,9.460287991043245,1.1121535242347764,1.3428125825079296,6.869710881697983,4.135292948754549,3.5900641384921133,1.8354573244937744,TCGA-KK-A59X
1.0283686352795056,3.8057821023430125,5.64551261986511,4.389064312025532,0.39978232497266614,2.4394559035506163,8.850769811211121,1.8780136151461446,1.746692365858747,6.666654583918942,3.9171259631640485,3.3700162641785805,1.563603376090301,TCGA-HC-A76W
0.8089727460655357,3.635826718079455,6.052384889900541,4.154923692807746,0.14686707580955236,3.445246164496836,9.942809178866733,1.838484009400924,1.462236364695048,7.242963502789925,3.8857098304355637,3.220314789062455,1.3343692882549711,TCGA-V1-A8ML
0.8347335446218161,3.694075929020754,5.254709202593265,4.17877761819693,0.31896269248481285,3.71489801651249,8.49197824993588,1.7075260483248187,1.9796902647865202,6.423952072028944,3.365459662503644,3.4478423894851993,1.4583126514085298,TCGA-HI-7170
1.0083592996905477,3.7990200270728747,6.0490660155625156,3.9727963220713103,0.25827900808246457,3.687921495417987,9.282564284689741,1.7170718419272573,1.1769304332140527,7.090473090590115,4.385447028452124,3.3273211775199476,1.6516541345671802,TCGA-TP-A8TV
0.883726217000755,3.7496993509806043,5.346590730532588,4.358228184700939,0.13749851318563364,3.7629543900076814,9.739417114188363,1.1094533118459846,4.342869919472688,6.728256414640851,3.2853524666360308,2.7743371927738982,2.081314786061516,TCGA-H9-A6BY
2.211017899468555,3.4503620788599387,6.179242855383094,5.37854851800339,1.607876694367146,2.8624579907310532,8.002816235796196,2.9217035290309084,2.260481026971234,6.8362568068121465,4.854005655298713,3.6466397885060604,2.326155124506478,TCGA-CH-5751
0.9962103550500285,4.193535082545836,6.1572912249693585,4.202461774697318,0.23870189023006225,3.9643592557480285,9.9287286585789,1.6638882182128718,5.199996459048109,7.313549532915871,3.414324180347218,3.3298016255588934,1.7746811276933037,TCGA-2A-A8VV
0.7241127598168253,3.7908063315773752,5.114385513923401,2.0474734644647548,0.22641818384786702,3.014500051853115,9.986813562729598,1.0654690700748553,0.515335439243819,6.766606260060937,3.2961331184135467,2.943032727700277,1.2768979343404925,TCGA-FC-A66V
0.9236634862035681,4.124697547398753,5.910773066526808,4.121096840861231,0.2889312918522129,3.613778681604686,9.731769261901535,1.6686874716380609,4.923767179571342,6.7990148355761955,3.1756760055619817,3.0819604272376417,1.5884593940489025,TCGA-VN-A88L
1.2418753413744035,4.371522913228381,5.003362242796331,4.33176964524208,0.4231085432807596,3.631091430346542,8.654690153267218,2.2401563447197317,2.514594893489825,6.342156277268515,4.0700365006824955,4.236756613143969,1.5681574795136848,TCGA-EJ-7330
0.856116008838085,3.8169647938771547,5.975539158597668,4.13309882044835,0.16619217486407098,3.589117128198873,9.63818477185572,2.0207658008106404,1.6817957826238032,7.167031009604689,3.612476157409461,3.431484074267028,1.5678864852758652,TCGA-V1-A9OH
1.5922714075121902,3.5416692169312545,6.655763464183922,4.501605834039775,0.29736008900305205,3.5220217138103185,9.70229292039868,1.6915707419726227,1.2897008582086091,7.476929637874523,4.62508261117783,3.4830814698765518,1.6488509147909354,TCGA-YJ-A8SW
1.1127781441410092,4.24200565875243,5.586875555098003,4.08312182219962,0.3825376034644598,3.777528863795202,9.418121637311067,1.9281098015726255,2.284533132386297,6.978459006120581,3.8070046534478736,3.6405291931728896,1.5779472453427297,TCGA-KC-A7FE
1.6104374127671839,4.106258310843138,6.334816457269805,5.412461344413722,0.4326262161705371,3.781442682681791,9.675589516551025,2.2132400861161354,5.504851746054857,7.358881215547759,3.7939711836520096,3.318988997269437,2.294603323252388,TCGA-VP-A876
1.5546015065282668,4.312444750467277,6.374535943959344,5.2128863764525475,0.38533042568778353,4.469902429613307,9.375727090433495,2.7906803277491603,5.437615288238769,7.099874267151951,4.46707295720804,4.01064587403323,1.8838523578849768,TCGA-CH-5739
1.1844535368795617,3.74235386812976,5.973900701868024,4.461463774412778,0.2710190115552415,3.198542496775261,9.376851754018302,2.1021077121787473,4.953858924915011,7.373439405092002,3.4018871437216016,1.8701238462153102,1.8441779636738551,TCGA-KK-A8IH
1.228880028032036,3.926884031334494,5.837791961308891,4.7163429775968595,0.2983252325502607,3.819115736320131,9.536852117192609,1.9459101490553132,1.446565979461459,6.674260967903803,3.800295597392117,3.3737782220851322,1.7792650716463663,TCGA-KC-A7F3
1.5597223201881676,4.558418143437035,5.731226420806035,4.929331235698704,0.7363024508738729,3.817483728401903,9.624489345942834,2.4619194571419927,2.659434021796534,6.935828220597768,4.489785147836076,4.215188094961052,1.6426018588125324,TCGA-EJ-7314
0.8442790225638612,3.2924050581563162,5.881046262473226,3.8310797256946296,0.0825932983038533,2.928373780029172,9.879499854435148,1.273097667101654,1.2103325382785175,6.861253225090693,3.5155969219706518,2.927282111916262,1.3144223488820956,TCGA-KK-A6E8
0.7577638236459175,3.028673697788133,5.842946267160896,3.181913040673666,0.17243955693950402,3.427836066903861,9.397611476192909,1.1739980155739993,1.2707432079597882,7.392585326669387,3.9543830165942047,3.046477667871707,1.3288506124581863,TCGA-XJ-A9DX
0.6743210763098964,4.513404616623031,4.801484223163253,2.840060437354794,0.1557208749967756,3.472398036423277,9.026998915261075,1.191616782116352,1.6688194089491812,6.533060956813073,3.3120018028576843,3.40327854786598,1.107043314145962,TCGA-G9-6348
1.2174614225064908,3.7440705173214335,5.416779282823928,4.404530267830092,0.39143379469518724,3.9506550838315193,9.707545993172468,1.0974783126269068,4.732048621691879,7.011578753997972,3.598642881768612,2.8505099503969227,2.446988421366424,TCGA-EJ-A65D
1.7032924879057245,3.505073796587089,5.27612236981683,3.4060953669243474,0.6119371251344021,3.328716290547733,8.304616340366477,2.274648474301023,2.0976006622957457,6.205343716252424,3.3612534737332274,3.6701374141960774,2.31013650914688,TCGA-V1-A8WV
0.8001164015571877,3.7314311518347285,6.376112983951125,3.9687095301681667,0.10768780541691743,3.6808019184845184,10.41814152680781,1.9225976550915254,0.8723388443449723,7.4317080633180845,4.144711260785636,3.09631489322362,1.4124980266165268,TCGA-VN-A943
1.3953532056082367,4.213411218129841,5.020468786440903,3.8345543154601507,0.9500736098417238,3.179947868857365,8.16798544131912,3.31132008365948,2.3805456344632576,6.217178591871357,4.399261015867145,3.845128644811944,1.575219069047417,TCGA-HC-7740
1.3645087690479683,3.5714210532579735,7.147552347483345,4.22402835398129,0.6511786957374437,3.7731539642979968,8.923774036857948,1.5651306848721245,1.7673130763231288,7.1072081695845055,4.334284920688421,3.319336355181835,1.956086762649731,TCGA-EJ-A46G
1.2201807431701444,4.315499470829833,6.755988688287888,4.720267841458659,0.6063903166336633,3.8490278260590824,8.723633065843478,2.6439666875440992,5.6113206344783695,7.212776800537121,5.218708523075148,3.6888619539608096,1.5798855101720761,TCGA-2A-A8VT
0.9932888093614662,4.180201105981784,6.33089579439303,5.007548534953288,0.415019320912976,3.965415894124151,9.439570490502128,2.080353625604804,5.172715027161396,7.9488560326468285,4.454618189791098,3.6684675412409913,1.7577199770045309,TCGA-HI-7171
1.2580063408183597,4.201548877037084,6.073955409450048,4.261481976746571,0.3466347090443171,3.781244391856878,9.583718074952722,2.179219001042888,4.870154093116632,7.32503920226202,3.6211304515583143,3.494232247629345,1.5227464842553906,TCGA-EJ-A46D
1.2768979343404925,3.888885383213337,6.264445523546198,4.202802775058075,0.24693819987992693,3.510147447170515,9.618583969837548,1.7633942876711588,3.1417744538863,6.982379425038043,4.020717756340601,2.823774823382341,1.7880526072967287,TCGA-J4-A83J
1.039251451272961,4.35022503173407,5.711606784751739,2.7673563069996177,0.23230148909897538,3.3590481178206524,10.112707097234713,1.4776193378132525,1.2521341994329538,7.277931597783214,4.217480652091474,3.6106800465184827,1.0060948721342011,TCGA-G9-6367
1.6191109771297876,3.52790345133936,6.456661486456789,2.8288922568857275,0.3893357261782807,2.4047174036004426,6.6541633448669,2.165642173437684,1.7550263261718342,6.854310724925501,4.503073228016783,2.9581653920668924,1.0750365521394039,TCGA-ZG-A9M4
0.9118006666012902,3.4671942139469456,5.896616360568332,3.969251750128155,0.19671743707768702,3.738593001357778,9.348075400679445,1.8646226192931052,1.9727746174863103,6.916439957750352,3.381691710270206,3.248061742062776,1.764987613175066,TCGA-V1-A8MM
0.763652241445299,4.380524256669014,5.849139171944661,3.8014355195985265,0.29087696334830015,3.624991388051255,9.798213566467842,1.904939333938013,3.3329506603073744,7.347545289140566,3.905459512758167,3.4180741642185937,1.470451669126614,TCGA-V1-A8MK
1.08431050395725,4.004186421177836,5.562971699114448,3.3434799880927315,0.3839690477632776,3.727979967735851,9.133099349248866,1.5455818250523012,2.354911853171813,6.914734864905311,3.40673203716063,2.912182172160014,1.2802391597793858,TCGA-V1-A9Z8
0.7522647850430341,3.85857792392212,5.509066017482264,3.7198862366520578,0.1972101692877053,3.888881289575464,10.350031882878662,1.1742143821616604,4.641101842272916,6.920117649023574,3.3368472872156048,2.2999516284682437,2.0085898007078846,TCGA-J4-A67S
1.4691178143190036,4.629819870827812,5.600225886497901,4.405477012595526,0.6064448467206524,3.7170367893222767,9.02226131252717,2.7523605043927892,2.7650730501981187,7.1393867061447,4.692108143615919,4.449201521293984,1.543127155146679,TCGA-EJ-7786
1.3317061708354876,4.042795094674131,5.868977087983864,3.8882568135775326,0.3571848139329325,3.712249240936457,9.39380551629126,2.416074479673606,4.533639812048909,6.750356513163526,3.922909531577076,3.542181764957655,1.843117761503197,TCGA-YL-A9WX
1.51872514830038,3.8973437910090882,5.979821276540708,4.532316657460087,0.3776827270957127,3.6550796214026366,9.723664316338725,1.8543116438850196,5.369106157738692,7.505038321331128,4.074055116449032,2.0338948617238564,1.6977967145719404,TCGA-CH-5794
1.2751113721591298,4.067574418056716,6.242101662731114,3.9699427960139118,0.566903453985695,3.5890480690469198,9.370367690487738,2.6513458018291076,4.076207746690764,7.477600623281535,4.301093113677282,2.7764935883169928,1.7334062242144905,TCGA-CH-5766
1.2141409332415622,3.786480190407822,5.8350864300499525,3.4396742284718673,0.3329660972919253,3.317616477502812,8.422768329602265,1.8296812622266116,1.8317010763210029,7.186977795074064,3.7056136531051016,3.380824591854218,1.5198632530413059,TCGA-ZG-A8QY
0.8758853172391162,4.138643704451391,5.937718774167656,4.431686658500919,0.2738366656297279,3.406725407267769,9.802691813525536,1.9044927392152944,1.7319033020746895,7.305138214142995,3.8713509996590156,3.4363392749072115,1.559743339410247,TCGA-Y6-A8TL
1.9213832370215607,3.9699748821709084,5.78155460652238,4.353214266281265,0.9122023859655486,4.341196827623109,8.85638770499117,1.3981982281227143,4.588896484701581,7.247255213211934,3.6938520701404567,2.4257845444614494,2.1006524905509756,TCGA-CH-5769
1.7939404225527713,4.508283664409644,5.917783291590073,3.500496564501353,0.590671388970709,3.8950823188698904,9.060294494243061,2.2335029318066018,2.132022132146138,7.232910288115342,4.400841028730366,3.3211616184089507,2.027029200340105,TCGA-FC-7961
0.9010552592313775,3.7560286270327254,5.883150228822857,3.6552425225956666,0.2560365946162353,4.267838380042995,9.768020430452774,1.8364619250104008,2.074177712004737,7.223757644320833,3.783746353865993,2.3747941204358365,1.309899159866177,TCGA-KK-A7B3
1.3441172822207044,3.9648469278067795,6.197584821151927,4.850482191273252,0.1721870423133569,2.222209830030128,9.949102672057817,2.706255257821585,6.102933692040967,7.546364644226463,4.1559584984272036,3.3888379846712993,1.6759931486341169,TCGA-VP-A87D
1.6218209254794285,4.223674014045523,6.043706841052974,5.058401442076537,0.5919999985549876,3.9332305277499406,9.788684125932543,2.544165633662922,1.9410555272814831,7.40977379376774,4.558417095574335,3.9069722719205346,1.7334238922150915,TCGA-EJ-7794
1.2174022246375968,4.549280026397153,5.5222741870691765,3.097358826642269,0.5958099476709879,3.749649947643517,9.606805622588235,2.4402143279820834,2.4662673455690616,7.229452906610953,4.560389323815378,4.251657380074125,1.4362980743549847,TCGA-EJ-7331
0.5297455086185016,3.9155766836274437,4.249036524101223,2.591194235583479,0.14591687490015473,3.2073253745063584,9.186621735916642,0.8552660300363805,1.2538766338541198,5.597336555346077,3.1025397418707286,3.0864090082386584,1.7235341602324887,TCGA-G9-6347
0.847454990898701,4.3908699173316945,5.3122301336013384,4.363022188746184,0.2308735973761202,3.318771837286825,9.728272848135546,1.5579761828095002,1.7647821653837632,6.870714978999429,3.782019098190797,3.334355765992786,0.8250522514398839,TCGA-G9-6384
1.4397877335598905,3.9881559259892856,5.512171100821794,3.4876686127992755,0.5364348892724102,4.2503763288385725,9.020632442976092,1.9165401861253608,3.9860686899277464,6.938634471260884,3.8897733064929123,3.071586220606073,1.6038221736484646,TCGA-G9-6363
0.8203963814754089,3.9962391460487456,6.150492314585282,4.139297213819832,0.44051044985096505,3.7105846820817505,9.206606961464,2.398585943321473,5.3608108292283285,7.55856212542743,4.230534916672366,2.289368132511197,1.481945391918824,TCGA-HC-7231
1.3501748343135047,4.055809880362197,5.921632305591405,4.982154883514687,0.3391828453141841,3.7180498314137163,9.442868208821615,2.360316120637192,4.9923667694626115,7.11153813573351,3.721649115443363,2.7909196789245048,1.749895265129356,TCGA-KK-A6DY
0.4926209191111443,3.936116414141482,6.262080251539386,4.016440676747908,0.35592466254802824,1.7634971595100835,10.146368854532271,2.1912176831283734,1.1196233358575736,7.496512306263696,4.174241105367969,3.329858904248373,1.4238309646486167,TCGA-HC-A8CY
0.7045815581856084,3.950081505011263,6.280062075402166,4.3030551238973676,0.046979001193994605,4.347470127182148,10.27552966685531,1.925532499322559,5.161902391822526,7.298419052454395,3.6027031828718687,1.3942129263641863,1.6020506940000827,TCGA-G9-6332
0.7867741263385696,4.149489097717803,6.211458744408853,5.49918177052021,0.47287450433741857,4.304852620860682,9.147705722657276,2.2482028221008488,5.264956013766242,7.513474632212683,4.04885021088989,3.100006699629993,1.6487740035464735,TCGA-CH-5740
1.5173664822136113,3.6982900353680974,6.170635312033041,3.18508323277345,0.34536118403845895,3.3862664682737345,10.349849449167406,2.497625422195775,1.5956837562014374,7.686068818866238,4.606416409129353,3.3192097282517357,1.534628155625584,TCGA-Y6-A9XI
1.3361845766344405,4.152899592931118,6.350762672495895,4.600896064932151,0.4459030288815397,3.8358522919008613,9.637573168846005,1.7912259936219113,0.7611328783510397,7.439871246374781,5.0004947184810336,3.3844207713549763,1.528509812916859,TCGA-J9-A52D
1.1283652468174574,3.5700621337695004,5.889263202676306,4.6175028254043005,0.3043179261032067,3.719891083985297,8.692309586596336,2.072958069321974,4.720128792251951,6.85512445892685,3.507252655919324,2.7456156989883516,1.622808131372272,TCGA-ZG-A9L4
1.2913516138039807,4.120833933657845,6.757991363220357,4.352292679593974,0.44018854416655,3.4039702005110257,9.64125372906084,2.2672998258047703,5.440831171248397,6.613495889996401,4.254480153825117,2.598592414191817,2.0022499739744997,TCGA-KK-A8II
0.740364680169056,3.1687902219802404,5.352305900512022,2.606755482950629,0.24920108563349938,3.8486848302536902,9.39994816953008,1.2172542146318501,1.4412085919972826,6.6327478758065705,3.5447174707405105,2.835569389928551,1.1811442033859147,TCGA-G9-6496
1.3145297948905799,4.000983980715364,6.086264142040578,4.082137019114356,0.4363175715909291,3.593103415814391,9.683344875341861,1.7364053090959772,1.6773768954422932,7.656291564633578,4.0253338334328514,1.9616850681706755,1.7886044975347537,TCGA-KK-A6E0
1.3872439101554788,4.039731729169821,6.022259478231202,2.6491773773245466,0.4854462754265935,3.2438727813851633,9.738789267614615,1.7178258408499327,1.858763698008529,7.292988699761029,4.570716412900712,3.0604942072331216,1.2464286633623285,TCGA-G9-7521
1.059351574714807,3.5141301552731314,6.341430158729245,3.7737007262404467,0.3093212475552621,3.6545622988456654,10.186461252980438,1.818109244550837,1.4992658397790521,7.62210670215565,4.087744496292103,3.243689405751369,1.8107284157756571,TCGA-XK-AAJA
0.8882204212790631,3.3961111352799507,5.103526186146167,3.2087446776687423,0.1889660995126232,3.359152417396943,9.605581344616784,1.0790896221792459,1.4589637990792657,6.833391258666267,3.801417648493868,2.2695659105368113,1.5112516005242744,TCGA-KK-A7AQ
1.122686824109285,4.188288657843025,5.719254824787957,4.226988477822028,0.27452084217395784,3.624340932976365,9.973598434816038,1.447177772976706,1.5398091245094296,7.233659585503594,3.8006444174447567,3.2686141108566287,1.9210903855244608,TCGA-EJ-A65M
0.9619521972420371,3.715927826307813,5.671973903581541,4.809585045131304,0.2622873384318363,3.3700953559302116,9.39997986226001,2.133894214969726,2.0969990034181696,6.581253095791878,3.517708497660458,3.3825343048316414,1.6323924300462849,TCGA-VP-A87E
1.2386930208041227,4.180959471739999,5.870229528959867,4.869199985758228,0.5198051865465672,4.1558707383006475,9.110237654286376,2.488558307695613,1.8545777616202062,7.26042969145512,4.362958487581068,3.756383885089367,1.5143357110007747,TCGA-HC-7233
1.1385378815404292,3.571623467043043,4.914175787402076,3.328293299926082,1.1237925871984078,2.7907846673562626,7.904013601862489,3.067941300995782,2.228550964267677,6.199100880631632,4.062881414531909,3.442089773704447,1.3789172167808414,TCGA-HC-8258
0.9470526935241959,3.8013819053263944,6.108635395415924,3.9923745884716966,0.23214293511101042,3.610942236672717,8.483042519057403,1.9866955714782462,1.2605043550615909,6.711691732071669,3.483026185623336,3.3279239329916988,1.5317790278618715,TCGA-G9-6499
1.6155988945475732,4.048827535489123,5.483602444438963,3.725890998079694,0.7294791098073357,3.6772824682682734,9.028380197875636,2.4113228991805093,2.1529127039703333,6.670864921814804,3.559086778056233,3.41156676661408,1.9596017047571754,TCGA-YL-A9WY
0.9244176190857634,3.8599167490976183,5.959250192005009,2.824493079890142,0.45362014999521144,3.514148019327677,10.159423193767532,2.110516184745211,1.3926739680839295,7.52846181201443,4.1460526872222,3.317855627001376,1.3343429554877908,TCGA-EJ-A7NJ
1.1408412928858198,4.4456291710393385,6.146399276630789,4.921486361434157,0.41184471507220344,4.0475638776953895,9.764021981738574,2.2260063787616713,5.198106899925871,7.461092426010563,3.988563587813511,3.3160388325808334,1.612832145502116,TCGA-J4-A83K
0.7928567597089221,3.9022897910035,6.0350854211082305,5.239256084578805,0.19177671556470977,4.028500300086782,9.967088840858203,2.0084153544067105,1.4943412652030246,7.1410341737366005,3.8566794143888705,3.2435918518186004,1.595237563032959,TCGA-J4-A83M
0.7277901240034849,3.883498008625564,5.567793970566115,3.8192496052757914,0.10264683696014272,3.076717613732954,9.243748416563937,1.2777900199283538,1.7482428753112824,6.602507834710738,3.335523994585546,3.360923847820952,1.2363431843563868,TCGA-ZG-A9NI
0.5556651372386826,3.754217655422072,5.688589645893373,3.542077539181368,0.12372092698975885,3.2186558006646506,10.127940362397197,1.3229284854980707,1.258375758705228,7.061589051456707,3.629410726494333,3.2848583029979155,1.1610548648468177,TCGA-G9-7519
1.1320793015010173,4.340859528526125,5.790702097436542,3.0088755214201317,0.4797064047071208,3.430409845618367,10.110535745731882,2.0849264719104057,1.442131068557288,7.146390846912105,4.1679992173574725,3.612457267769484,1.306628665701635,TCGA-HC-8260
1.528336310997059,4.123433998665321,5.9702332497485635,3.3093488700316245,0.6640272819860931,2.548991943233416,10.068819148027755,2.0962372015972366,1.8436242669431306,7.036464362943922,4.120592062908173,2.8763460785240627,1.5895616824293077,TCGA-HC-7742
1.352737577591048,4.006694799689592,6.184448433698936,4.645983860473735,0.38205999966184234,4.435083872398231,9.800176124951552,1.5356621927707141,5.484368210896862,7.505221005824127,3.9936398581004684,3.2357644065330198,2.1045608924728,TCGA-HC-A76X
1.239967164549312,3.9604740644888916,5.395244420325043,4.758581163731778,0.3841733726405422,3.5693664854859892,8.619610744805662,2.0016691715052954,4.479728270847397,6.270044129812726,3.4210424917160607,3.030674616751555,1.9789027163012232,TCGA-HC-A8D0
1.0907481136113077,4.060048104995278,5.821641951835302,3.6211973303645792,0.23309388216737786,3.868338584738849,9.969634928771992,1.7316555451583497,1.9649702037939554,7.515338688810194,3.9950323850984777,2.8597407143426428,1.612433421413899,TCGA-V1-A9Z9
0.7253239122551665,3.8982870983142033,5.698191205938562,3.2350837637124092,0.16636153721522523,3.44090835923158,9.22996530701544,1.7328583613078938,1.3287976547713656,6.866653974625188,3.541677906374884,3.435830665556506,1.147180205920303,TCGA-G9-6378
1.2674545172383578,3.880955365463249,5.755069835692816,4.8562463636673545,0.38784409935076186,3.792371976157547,9.846835028359482,2.1042073223250672,2.1944206500034853,6.995690512418283,4.122927159975716,3.368126519351267,1.625094702710138,TCGA-YL-A9WJ
0.9051893388029811,3.888738001691438,5.948696650130315,4.4742308596267595,0.234043925782498,3.6835578192999443,9.949245161249072,1.9006886097629065,1.8811735130561937,7.499858060482261,3.7202497214575483,3.376894443138982,1.4202125793233513,TCGA-KK-A6E5
0.9793782007444115,4.343159758912766,5.728083791188059,3.8498943781623205,0.4607736638670451,3.295959080758024,9.667458159218796,2.18321579989629,2.1827649839117367,7.605233118686465,3.7595242936832682,3.7284967232438864,1.609457912234103,TCGA-EJ-7782
1.6140074561484703,4.411592718442313,6.420352681735272,4.553731617890931,0.7676515027280505,4.465593126521035,9.570063359905554,2.817215469499901,5.505269338876214,7.942714911795913,4.641483792984698,3.4067022022966005,1.952658754476584,TCGA-EJ-5542
0.8157187329481259,3.4983513152528225,5.42124536637085,2.7985792726321437,0.28945549900092266,3.308405694457947,9.612771355112294,1.44184732024014,1.4696929699144434,6.890747157415109,3.365138331846453,2.96356025984764,1.3989884491787754,TCGA-V1-A9OX
0.24865534048293306,3.6727932623082564,3.58785950455453,1.7525854216525854,0.05741949086748648,2.8329780222525653,7.864289316368357,0.7478720802491919,3.198811883432455,5.800093971157413,2.4524006755650727,2.6354364965896977,0.663460870189585,TCGA-HI-7169
0.9712333593382793,3.4008806648460124,5.887863593623395,4.2850117526900915,0.22999999211069616,3.4497144926829533,9.921525697578092,1.4350845252893227,1.4392662458859964,7.166389209783056,4.239752852769495,3.0939019973262343,1.2773161985501456,TCGA-VP-A87B
1.8941505805653531,4.107834824737879,6.000496634722659,5.455391198371915,0.4518396586180644,4.233023309457515,9.277626427681446,2.2254340338056307,2.747270914255491,7.2644876012747,4.703171287467525,3.48982467457834,1.7957514904975924,TCGA-EJ-5518
1.2604192981442857,3.8739887881102124,5.479001333222914,4.78091684208276,0.5817127001136402,3.498133511620086,8.901152498651182,2.627476241228098,2.6643838875612675,6.211181434108289,3.780386958358057,3.7288498861577635,1.6041640299313922,TCGA-EJ-A46H
0.9233855043500219,3.764344005697555,5.713103894915267,4.453129112708668,0.2360992624744257,3.8096602143231597,8.985213956084719,1.6552522245733918,3.0207760439934224,7.064895086911409,4.081247502272615,3.4040400042462187,1.9300565711321425,TCGA-KK-A8I9
1.3813069446088437,4.059770370581768,5.459731460940215,4.658305183399013,0.6500308894863173,3.9388713415564593,8.390216271229011,2.554191700808577,2.6283574321929617,6.419101369433318,3.8038518770294916,3.7336329103011088,1.8436717386776778,TCGA-CH-5743
0.785042445264201,4.147668876026001,5.314906502774715,5.768758087755161,0.2665861091570465,3.947417175927241,8.31028547276583,2.1809032167266724,2.055955388524516,6.9318242825346585,4.638204495050918,3.513534504104573,1.449151782500758,TCGA-V1-A9ZR
1.150097231356618,3.8654763227710247,5.923645183220137,4.380186192097966,0.3238934544143528,3.708880591117525,9.44111133647598,2.1716674244719125,1.9168343729949808,7.327734873778492,4.3660242771963755,3.4107416895050764,1.5506216545415665,TCGA-V1-A8MG
1.3022875567869212,4.850853790896541,5.636165798634864,3.506298863773689,0.4451985103267644,3.596465326698702,9.503738742719323,2.4537943080953744,2.2088346960956455,7.404453661537688,4.026320863792324,4.135811148948155,1.8043795005841572,TCGA-EJ-7785
1.295630868722544,3.8736230753402676,6.185590531686283,4.956844145825434,0.3313879047118487,3.9269648184771655,9.44062548154922,1.8029466586186194,4.994631920487152,7.192413408924891,4.163624947928433,3.4450707161061254,1.8295207846449852,TCGA-KK-A8I8
0.9000800458261731,3.889624010484667,5.422389915020013,3.8138080107311896,0.10786737086900704,3.6292037569260813,10.163285920211903,1.0239964952873197,4.3233270338151035,7.023285289593737,3.610436715806513,2.670431404195701,1.8560010712895199,TCGA-HC-A6AN
0.8078588376918425,3.804566962352262,6.190468467909045,3.5335201275006667,0.12248308421454839,3.5107361562262938,9.976774635352372,1.4929939797789464,1.2510758317945787,7.137392977600232,4.091624198719646,3.1621276797976865,1.4453177015693517,TCGA-ZG-A9ND
1.690058914401716,4.817683031046272,5.114864970596432,3.307344472855809,0.7233853636205553,3.6498267268502356,7.9150365106258995,3.04514605275895,2.2022895066764026,6.409344932390121,4.479770214992539,4.718859520539051,1.8786555617949132,TCGA-EJ-7781
1.7519785992162105,3.874591091419281,6.007375297139654,3.7569959416886665,0.8644499192047691,3.5779590665285927,9.164938143765045,1.8011320754747198,1.9523891151530224,7.31000549151369,4.090607588425192,2.144433085187276,1.5745772802980964,TCGA-HC-A9TH
0.3801473001238745,3.5786515563923023,4.861380167027366,3.3672854851053797,0.13584122291141315,2.768794031499294,10.228937119268416,0.636153459039825,3.7178847051160067,5.986006177274682,3.0707377000179514,2.9214019689939437,1.6737639109903475,TCGA-J4-A67O
1.3844426477564162,4.245719965959374,6.563085413427979,4.188291692283929,0.8642392554023511,3.7197383816999197,9.29716395133294,2.796177066814005,5.546691922079199,7.751298700274923,4.40937060734944,3.705601360466548,1.2190584417439767,TCGA-EJ-5524
1.631923212653172,4.066563894828032,6.296487211178954,5.304635365890995,0.7696451515326703,4.221218006482544,9.322868781791016,2.6276207519871755,5.136167192580995,8.179450804495543,4.54353411532969,3.7362137971851324,1.7863951067289043,TCGA-EJ-7784
1.0852906145516192,4.2801489358511535,5.668960499520778,3.1699334491151734,0.32483333808257364,3.389647605711695,9.373463937644662,1.9647599415962211,2.132614942559022,7.040629030408083,3.646462438223139,3.1790241927273857,1.4217338961592694,TCGA-M7-A720
0.8352541971847751,3.7988095134861326,5.998499245494108,3.339701338601827,0.32570013963930183,3.4691737366712494,9.804371748019348,1.536458533948122,5.24438533058426,7.3700985172099935,3.6060547552890476,1.6499846690798867,1.5398091245094296,TCGA-KK-A59Y
0.8113745619245951,3.7065499079822426,5.859517898113686,4.768743759153673,0.13032626167557426,3.56276619327418,9.277020354797067,1.419100312845068,4.832707271580199,6.459014387023581,3.623489904287488,2.644158581789638,0.598616696713712,TCGA-M7-A71Z
0.9708925470657388,3.727994392442489,4.907050238413206,3.370098794560124,0.6665978453264088,2.8660562963976,6.558513497656258,2.0100646679020127,4.492750367536453,6.40123255113392,3.393279450750992,3.4680800281897475,1.7759687833217308,TCGA-4L-AA1F
0.8939633199900644,3.9181700734334086,6.151007377412587,4.17921865685009,0.06859279146561172,3.537149176082895,10.275510320756116,1.8766672463131526,1.4818317878289544,7.251583181951035,4.155892679054345,3.3396658904305943,1.4094492065863786,TCGA-2A-AAYF
0.9555114450274363,3.8082922720644716,5.541364716511021,3.950000638585226,0.34550276693548154,2.9031124714358834,8.555806681785535,2.1298851001440537,2.574983462414087,6.041567420725802,3.692453061167226,3.486809168571249,1.3008726290658952,TCGA-TK-A8OK
0.9055128587022766,4.2863950282175445,6.2008991588406595,4.342931013696248,0.1721870423133569,3.7133964415270118,10.360822044227259,1.9621630662115495,1.6881381809777656,7.664925488461368,4.038747282119691,3.7719974283044007,1.4826494493626536,TCGA-EJ-5517
0.3564149101328726,3.3131636640786053,5.22400429644009,3.383583158062898,0.13967498207248205,2.416386880656193,9.16301656767543,1.3024235020827435,4.334655900137399,5.91616594335676,3.298300495442302,2.8012976488762344,1.451215621503451,TCGA-X4-A8KQ
0.9462378082421072,4.0900152040608715,5.744818846196061,3.1968346939913204,0.2793726445806401,3.6643920704626654,9.566335189681494,1.775359047860274,4.161010506289895,6.9831314537696985,3.6145976206933743,3.2640442001759995,1.5150832759528077,TCGA-XJ-A9DQ
0.6533663105481007,3.092854447069339,5.30106209632863,4.474384734100827,0.193261496832289,2.5660333850758503,8.98353383260507,1.5376840901707098,1.748643178154427,5.861982658449156,3.324723022077346,2.8732877650953887,1.0508216248317612,TCGA-V1-A8MF
0.8601858804893825,3.944925725103854,5.666688245598792,4.0514962104705186,0.14695341295616332,3.3401514210950145,10.301233591806932,1.3471896412391295,1.1980653898614695,7.2620964818643685,3.6881942193942416,3.1312679063466833,1.6601880593437615,TCGA-EJ-7318
0.960269339046365,3.857957450823148,6.789548603603117,4.280046510161593,0.24787518753339344,3.4332805032177163,10.46554677285779,1.8192611408453105,2.9099564965325873,7.0914839286897084,3.893867181406802,3.338591214547624,1.323141546114622,TCGA-J9-A8CP
1.1564093873943264,3.8016722815890587,5.722052882952516,4.415998017244663,0.3006229765845814,3.3154433956432476,9.160292627884495,1.1949219688055182,1.72905038476139,6.902430929757747,3.887929063598668,3.410246316280767,1.6811258157248832,TCGA-YL-A8SO
1.3967148784477748,4.168381579477631,5.665713631179586,3.760104166523393,0.4797064047071208,3.8495921283143373,9.332553783452585,2.003774662754421,4.368333307541879,7.214391972215363,3.613592710559033,3.089937297443878,1.6393073460363783,TCGA-ZG-A9L2
1.1897623118568208,3.5510158337848003,6.165125584634065,4.7175993597129695,0.5082623413628259,4.186119713289589,9.223428675230146,1.7543344761373192,1.5399592086640408,7.588782660593884,3.8644281266204623,3.578779949386687,1.849053059116495,TCGA-VP-A87H
1.3423424735907077,4.088076626355946,6.222368111487655,4.562334707435327,0.4673751778920435,4.187025531102817,9.45548750709599,2.4901512063607076,4.928106944216541,7.561616004227832,4.121912711288528,3.561801479038492,1.79520353163061,TCGA-CH-5746
1.0358144738440695,3.732678612480614,5.641851395629407,4.337612257767832,0.3699760901778608,3.463771474573426,8.915103191433552,1.722980860499485,3.603953174524335,6.599429041240386,3.699220797620603,3.4396036606898797,1.365581319522349,TCGA-HC-7745
1.0150857416898165,3.7616906930152467,5.538349892828281,4.416087423670628,0.33875534263578155,3.4220876525536577,8.886729342326202,2.2262762391375515,5.297288837793633,6.873702715904808,3.5559221823647653,3.413007368421513,1.7859090555498793,TCGA-YL-A8HJ
1.2658484080440036,3.8532385644399363,5.989677451202915,4.243528643176164,0.31997983875094316,3.8204119753254084,9.828751215310112,1.713509597906998,1.747703083031135,7.189853993459497,3.7737788106911165,3.0069145185565596,1.6128520775338884,TCGA-M7-A721
1.1028034932865778,4.295797224595692,6.131453637596098,3.071002070527802,0.34436954208157794,3.5166874200381204,9.939094189893328,2.2892971986671102,1.9374890768612605,7.7331761303159645,4.477334541748351,3.8407976437884788,1.1884834614298032,TCGA-EJ-7317
1.403692138296311,4.059304431576833,6.20426802362872,4.657801534781439,0.3232422478503318,3.9859126680397883,9.610568692013965,2.4388452591273246,5.540575072921677,7.6203221213594805,4.160166634255665,3.5444979831276835,1.824646061562274,TCGA-CH-5765
1.4230601403102137,4.100101293734461,6.248898407855116,4.388464616325183,0.2964683597323988,3.7333746940004877,9.842207498158192,2.0981160819446445,1.2033325994385127,7.281656927531942,4.215238310147907,3.2307451054382903,1.7980231447240234,TCGA-HC-7738
1.3736396266616426,4.212130560837058,6.616041623944946,4.046740943828725,0.43028779353951013,4.063020719879998,9.727852797170579,2.46100663967195,5.881483651693657,7.696161183477122,4.433824176907116,3.8200590208627347,1.673613867852664,TCGA-EJ-5496
1.5066518577836245,3.6202713300307807,6.536980976007188,4.147245313957554,0.48168513401957347,3.6494185121080145,9.994718514542136,2.0851999302905013,1.3630769099437061,7.272937830380639,4.389499890206602,3.315025652069969,1.7408169904904802,TCGA-KK-A8ID
0.9918433742748266,4.041251403435932,5.849998616268739,4.254315414794092,0.21623977499741528,4.033688273237599,8.721607056107507,1.7639942242672861,4.528929325459643,7.48012792255412,3.5208068964377066,3.700548603980714,1.672975933238088,TCGA-G9-6365
1.1907963752093038,4.108862005676942,5.904365166246125,4.318426339930912,0.3559947126338682,4.0903532742856274,9.679220439012228,1.7621246640983643,5.052189820249689,6.71172336328097,4.005125295090417,3.086669268546093,1.8025510303062537,TCGA-KK-A7B1
0.6239578612069467,3.496110512956182,4.759175426668161,3.985693453310653,0.17302850988236196,3.4874790480332947,8.961060151861632,0.928614481562987,1.2674545172383578,6.6002360106366895,3.2139477015918634,2.8518272605019077,1.6193684411110087,TCGA-KK-A7B0
0.80910633172754,3.8429194135262015,6.068826665209397,3.743968784431694,0.21817120968765183,3.9953378921413187,9.601913836451944,1.7914927669995107,4.339807831737471,7.075586015819065,3.4828818178846674,3.427625073497434,1.7272209480904839,TCGA-KK-A8I5
1.0403120467199014,3.782961607475075,5.8020168596504975,4.2763382875074,0.5933268452777344,4.193486784304183,7.570521547961242,2.113420173718083,3.9924299544500554,7.038553690413426,4.250444769057494,3.0593688255396585,1.6456926930932714,TCGA-ZG-A9MC
1.1844535368795617,4.318159887845415,6.024547230269004,4.673355798395758,0.4095899226851143,3.2801477665396885,9.158518811765019,2.605448838441429,5.004759398115203,7.3590825864114775,4.650678781218857,4.1332735661657205,1.5273598013984935,TCGA-EJ-5498
1.4049198252430557,3.8715613626400724,6.478284578481171,3.9191217496174695,0.40105539961946424,3.8712510096579327,9.494362005688862,2.600405597418751,1.489279557940248,7.548253404420879,4.53691704083614,1.6857691256406224,0.974710572003549,TCGA-J4-AATZ
0.47337294671533947,3.5869076347781266,5.811315528642669,4.843906732202379,0.17016462652332312,4.516768388265954,9.553165159778668,1.6442836848596991,1.3070888029389154,6.992417883096415,4.114052413785372,3.0409493953366407,1.7483821292584867,TCGA-KK-A7AZ
1.0432405131331233,4.086952306702541,5.9163597321176455,3.609757780491622,0.2645157944199414,3.2631912303167376,9.372589910191385,2.049523424892551,2.333967474222714,7.004141061936122,4.679789598762332,3.584357475674376,1.5654233270146811,TCGA-HC-8264
1.2648609208363595,4.074979938988135,5.8336837865028235,4.358334427760839,0.4934759854308777,3.9476738927902195,9.184932580456316,1.9409406788095593,2.2163406945284496,7.150225893549479,4.17144602559733,3.617595567397465,1.481354509669006,TCGA-CH-5792
1.1913433879257944,4.334089544033736,6.3545974931889635,4.90847852983087,0.16177865556262525,4.165388440067914,9.867445122884686,2.1845782823018967,5.399277012569221,6.907718878319641,4.5463221101788855,3.6118985127798005,1.686584121610754,TCGA-EJ-A65F
1.178439588527664,4.115871192766381,5.9088310278452765,3.4593310605172793,0.48692219968443157,3.9678663326984682,9.278396399428438,2.310930175729544,1.3933196260566438,7.302011804970914,3.899462450903262,3.5363720067736915,1.6908335506380945,TCGA-CH-5761
0.8221998084745596,3.486747969997157,5.568096763152262,4.482701941863429,0.19185926127444336,3.5171387224391677,8.784862604816714,1.2596250845158128,1.6359240376699271,6.331087885218579,3.2616479167120698,2.938982011702804,1.4724720573609429,TCGA-KK-A8IB
0.6696738243743032,3.7889532697672834,5.843912175486885,3.6461232986430825,0.14115227975588376,3.310360514990379,10.008127596216339,1.7351362062869644,0.9590819861290392,7.326199591617443,3.8652332391280995,3.3389247359333396,1.5547916346540704,TCGA-EJ-A65G
0.8864086773922343,3.7762857531116034,5.722058119714718,3.91816808568786,0.165599180649566,3.572842705310723,9.55234830829999,1.7619014555605694,1.6262950295005232,7.052376958898164,3.542019631278081,3.15952489156606,1.4523863624819793,TCGA-2A-AAYO
0.9530468719992745,3.9426724748119115,6.283258778034848,4.599844027152677,0.3325359280854066,3.7883876281789037,9.774607485704493,2.37607716123217,0.8934314377280724,7.525603694059939,4.717182827117294,3.4469894051022942,1.5756742822812912,TCGA-EJ-A8FS
2.035097727827784,4.254884785371027,6.468232589784956,5.201723863636755,0.4550803286503597,3.705542353697963,9.787797167009312,2.073850943366591,5.69931752157204,7.678677289832347,4.8741158225595695,3.5049926729952525,1.340669183093615,TCGA-HC-7212
1.935484562428866,4.003303257789958,6.370258624346326,4.822724546836822,0.7110362133956853,4.143905857564879,8.575144520815542,2.53031013324185,2.098802895158456,7.390673467649004,4.2912290079695685,3.752462049750277,1.8463107838325585,TCGA-HC-7736
1.7393076092256308,4.16155607024508,5.948521815831033,4.171067920792979,0.6710038158742556,3.957963398568917,8.669694357257304,2.891659816880796,4.773129937334426,6.9309407075606035,4.590556930580099,3.6111178926468908,1.7373912767445612,TCGA-EJ-5495
0.7999366747414631,3.828143446445591,6.033896684651946,4.5621917012466735,0.23198435597969175,3.620943167102109,9.923225011042202,2.0269238137688914,1.1315633888077956,7.053652189980655,4.186233745569971,3.2384980437348956,1.2353842582800292,TCGA-CH-5767
0.4133671380040184,3.004751477974151,5.312179343857799,2.90629431843998,0.21736689853675525,3.3168696731380884,8.76702002043649,1.5681783221827976,1.1793931853515456,6.597125237830061,3.4916594647780146,2.1749562460221368,1.259880436264232,TCGA-ZG-A9LM
0.8453960530976072,4.021983524827382,4.948553486099547,3.301914655065331,0.19630664136061735,3.2036850267209642,8.612971152702833,1.7594084390103955,2.3961847197271955,5.909955911320002,3.4363038737721188,3.6244822563230836,1.4727013888606295,TCGA-G9-7523
1.0551827307407737,3.58736154617356,5.935771324057457,3.6616649767941167,0.3177989713555916,3.6204105524736634,9.126131181555591,1.4792608876221514,0.8134603460699539,7.081041052430169,3.7360683369163943,3.0522685494618194,1.4676439068162137,TCGA-2A-A8VX
0.27907009560321694,2.5382104218103114,4.419515079084873,2.3775162976274764,0.044877758778085454,2.9691007825530735,8.368620280208424,0.7685329074658349,0.8634804980418331,6.201576150260009,2.522515487644918,2.2374597330335835,0.6291418505840329,TCGA-HC-7752
0.8654604881568303,4.102595430003633,6.280887104037534,4.241031745031524,0.2589739083150372,4.084203313145208,9.98519403843967,2.110491949371258,4.807651332503348,7.648529805042718,4.205475894640352,3.4633580780137625,1.5725871886360865,TCGA-HC-7820
1.2674545172383578,3.929862923556477,5.810833460663545,4.30541013417681,0.45850021798730606,3.9096802633496686,8.664910829242688,2.03902311154985,4.624097920873572,6.826806252392327,3.332690106539917,3.2965958371720916,1.6137884351713585,TCGA-KK-A8I4
0.9396165571776517,3.7308535846705007,5.214316000381753,4.269182631889326,0.43210703905458553,3.8568442777745657,8.303369821957965,2.1860063319078655,1.916231196738895,6.891085100441619,3.251981726765196,3.2931257869408768,1.248955730152414,TCGA-V1-A9OA
1.3431519682230488,3.946924790037375,5.972804526787758,3.4784947859749336,0.3523455857775031,4.038403642229763,10.388178634881859,1.6337402049570653,2.4025752138618683,7.409981937389163,4.310745432668918,3.5138919373800546,1.7275942117522682,TCGA-XK-AAJR
1.0581374561023915,3.741680611105064,6.402966231703839,4.271439986544457,0.3064547577750645,3.8227960850246605,8.608154236520887,1.9801873444537705,5.333637694617672,6.75818648625999,4.045695138148317,3.3295187639282617,1.556585508529872,TCGA-G9-A9S4
1.0036053962008638,4.08718398638124,6.538078750991044,4.312872142984232,0.2541769938943827,3.732333980479558,9.403083551188251,2.2464061992675974,4.909409920644665,7.113456228747329,3.8326377482533265,2.0714849719633794,1.5846327935151292,TCGA-VN-A88Q
1.6527655651692787,4.167674017124179,6.072039651494772,4.16133164568274,0.7005199348893584,4.019419846367618,9.48148387818384,2.1595227101522076,1.8472730124913,7.421472517996165,4.521347175297793,3.663656513424474,1.6651942326889542,TCGA-EJ-5531
0.814435177767145,3.6033242890601285,5.921743017356922,3.9633584989253015,0.2091257595460057,3.325888175495146,7.94566732422457,2.4080076067299516,1.258887035203328,6.57512005161672,3.684424545728686,3.4984813698003028,1.1597701016462034,TCGA-WW-A8ZI
0.7971017082797947,4.159656221911024,6.070040487296141,4.671519566529625,0.35318887465390053,4.0743612185977085,9.578496446772888,2.4929161545617053,1.9025402685714132,8.282401665066061,4.11789994304363,3.72989423005066,1.4556571641737217,TCGA-CH-5745
1.2536482907676418,4.10130362501057,6.343330194899027,5.104352690943494,0.4151513776975852,3.4552151280243577,10.248350361078714,2.4023489766828954,1.9173783906522133,7.744792564967048,4.46884174240396,3.860592859571597,1.6001549588351835,TCGA-EJ-5532
0.7518876755825454,4.599606738675136,5.227621259664558,2.8920148517223185,0.24333825859972905,3.1925852361938545,9.7282170127926,1.5797825055264754,1.3873937565631917,7.226439020010001,3.354378273684559,3.6589613373266516,1.6476966245511908,TCGA-EJ-7125
0.7957037688850374,3.8844133423800256,5.937536205082426,3.3328400224801884,0.16653087088763055,3.46761538546513,9.390531394125489,1.5375766453166777,1.0237091286414255,6.993902607789626,3.546376508619615,3.1452034501358375,1.3600273848691709,TCGA-ZG-A8QX
0.9240207779360656,4.210576766331014,6.539972297163134,3.784355529247779,0.3103482429506924,4.271668931625161,9.954816401041624,2.03851537506719,5.7181563405691485,7.242334582277843,4.1241169338890815,1.62794558398984,1.6068946811613185,TCGA-CH-5741
1.5626188044565041,4.500019648283351,6.371904283100798,5.089524105518272,0.49774038421733524,3.731831179147316,9.365430598862268,2.677206039807204,5.089222789615849,7.890505660444305,4.69604691619864,3.9622673498600007,1.796647503300831,TCGA-EJ-5527
0.8129282188790018,3.888719577473827,5.907104198489908,4.217507176039653,0.21632032596608422,3.2535516100810646,9.596556820919485,1.9497456412848369,2.003788145203643,6.777705475728411,3.6627382302927782,3.4226848633035787,1.0730209390012004,TCGA-YL-A9WK
0.7585603191081773,4.102833429618007,5.558893880094562,3.574862131750854,0.12944806718688648,3.7582259297422405,9.93695411728538,1.6106571688388298,3.6582346623992303,7.302430585980554,3.865369457068632,3.2187438161554343,1.091923300517313,TCGA-G9-6353
1.234046037332078,3.7449572843336405,5.159888285518421,3.623476559513235,0.36637771940011754,3.404996821308033,9.445338633720542,1.8758095213758241,2.081888545322888,6.615202430201998,3.6134336644043126,3.5958125063821327,1.7353302012613394,TCGA-YL-A8HO
1.6935584482993937,3.440010960665524,5.615546347966754,4.623790742364624,0.7289968334536425,3.5932684790752605,8.496225742779009,2.026739360540437,1.9544875435201992,6.848215337437305,4.757982255991141,3.4604092412940015,1.8592934993454246,TCGA-HC-A4ZV
1.6554241492707982,4.290415604571144,6.2734770151842225,4.891459789404701,0.6958934062279706,4.108592575487302,9.54939242087537,2.7100548571026963,4.953861041750947,7.709059581049841,4.659951888797738,4.017074673397435,1.7959672706682321,TCGA-EJ-5508
0.8356011483548789,3.9514744611890733,5.94820390441758,4.20102470678657,0.20106152816800735,4.147550359942045,9.739409107626093,1.5213495921127556,5.282611167421402,7.000782126693945,3.3167681226801173,2.801510185501649,1.273097667101654,TCGA-XJ-A83F
1.1528479168097838,4.401183219996545,6.196289737058147,4.547907531421149,0.39891033913749013,3.562042744862088,9.79791356965135,2.416841918873871,3.452324495575829,7.370306394605271,4.362971228138722,3.728626471052772,1.4090094098631052,TCGA-CH-5789
0.5405785819153384,3.5687943958354946,5.425183910831066,4.986366508345266,0.12539840939433364,3.277118317548952,9.08924514581795,1.1168777874749543,4.504312849117148,6.725330476858566,3.117148700442795,2.392252107321992,1.9572174089344616,TCGA-J4-A67K
1.0730209390012004,4.343550843996946,6.17162439408998,4.0424300222699,0.18132105646037108,3.9969797731529795,9.532271047874213,2.104048784772677,4.567510893183344,7.784181599373687,4.26802472280072,3.8685433156959292,1.5895616824293077,TCGA-EJ-5512
1.3676975065874675,3.8786792292012957,5.751888595397454,2.761976359792049,0.4448781104649994,3.0575843770006292,9.226509730466994,1.8763303706783248,1.9629358149170113,7.104807061343059,4.227486087191438,3.0342411949820978,2.2338457607918647,TCGA-EJ-A7NN
1.0620174581985546,3.8946163854126277,5.593355069894955,3.80827896035527,0.4765446897891165,3.5743268200871947,9.713217467724098,2.0790039459487883,3.0147551851861967,7.0600374714164005,3.7898576313383905,3.325165508715534,1.545389937625669,TCGA-EJ-A7NK
1.9269020631703486,4.295171609097096,6.679540138875014,5.564264052627556,0.9513489476892181,4.5828734509894815,8.449778923279116,3.110283425629634,5.518248563773247,6.894502953540254,5.1956404689860785,3.859920963039445,2.2919790472068216,TCGA-CH-5752
0.8645762961874763,3.6682531877201794,6.403041605801675,4.395485654358038,0.09748962127725708,3.696420945447278,9.58170868866097,1.9875455269752988,1.3394385748346274,7.476860980621042,4.159081501173556,3.55446481439866,1.0991121637097607,TCGA-G9-6366
1.4670906309479803,4.410853372905439,5.588621124377496,3.7990491371661297,0.5801464414727018,3.3707587925215883,9.623025188489343,2.322005294233525,2.1800445081263664,6.9428144603459385,4.189635044862741,3.631194725323982,1.5091533810317492,TCGA-EJ-7793
1.0631232707378062,3.631888379213223,5.972514116588957,4.358296027957442,0.2237833466015492,3.807124605200757,10.008837456137647,1.7672618376276548,1.1923454680849566,7.343536119616304,3.887111268831863,3.027100118102982,1.6835244557867985,TCGA-EJ-7218
2.3111384088720888,4.434660592470496,6.731297178481302,5.7267894396984005,0.754806560946673,4.344002804969757,9.340687121503677,2.960244982499312,5.725908218419977,7.72364110695708,4.557320429496715,2.043736640809059,2.3834090338869656,TCGA-EJ-8469
0.7926757232748455,3.3635335892119285,5.329686180215581,3.529508505696793,0.1260157205828598,3.3918336787091894,10.364753985907806,0.8775499035577244,1.125578736897924,6.39535224509203,3.2308676348405596,2.698127803192247,1.865861488983109,TCGA-QU-A6IL
1.5409020793463295,4.214375439957803,6.495281870003329,5.0674414977693365,0.43080791577995947,4.364785099978469,10.03617573475866,2.5853023611762946,5.70276662552281,7.841228974533956,4.685461785762342,3.7594870212778893,1.757840676024429,TCGA-EJ-5530
1.2425971858627034,3.894880915760888,5.98742489870429,4.289504190521207,0.3822647149377288,4.001695505154419,9.670763794739274,2.250365053521421,3.925987052712141,7.230693919659882,4.154285028488863,3.458623167162523,1.6230646453487572,TCGA-HC-7818
1.017112965088973,3.7919165226577882,5.795778380438125,4.024588899884166,0.19301418633269785,3.5363108554693294,9.503402438770062,1.9387704361410687,1.682985727729259,7.2615213963840395,3.6277989471476557,3.2941242892704663,1.5381781878617253,TCGA-EJ-A8FN
1.4106210531109482,4.2357891461326656,6.181631291452089,2.601881951908058,0.44513443856637086,3.9404588472885442,10.07306489993879,2.3349264281647084,1.426452135094512,8.010108827069972,4.5077216214679945,3.784639532698626,1.5162255307119217,TCGA-EJ-7327
1.618179592370855,4.044415249469222,6.575460424936049,3.891410009872285,0.4414755456311975,3.9575373337108157,10.121401372613734,2.7002599356271473,2.745686326125253,7.422124656229994,5.081640982950956,3.480673775163934,1.490969642058022,TCGA-HC-7211
1.2531057668761458,3.709115810865307,6.056952148975921,2.8185892848004657,0.4782817706899612,3.685967719124999,10.462919789341358,2.0243911984145733,1.5590284378890191,7.529599887033857,3.5363865660569087,3.3390098725066437,1.4855286497102804,TCGA-VN-A88N
1.1970992353827639,3.8676969622270283,5.960931367815261,4.2730833195594045,0.29184838132119684,3.445918962901122,9.588173372241211,1.7741384604706525,1.569490535324506,7.392195016879368,4.228608811241763,3.3218763579565316,1.5368887247443717,TCGA-HC-8261
1.7024910014698726,4.4474866061456675,6.287321799030928,4.205897862942331,0.8209685519978296,3.5558822045239062,9.80183511456389,3.014102502908868,5.4461363290073885,7.333536150683386,4.567193099210862,3.9991122127222525,1.5193819052582453,TCGA-EJ-5526
1.0463360552138459,3.856370750878269,5.554080274543807,3.5837411359906315,0.2409834694425408,3.993931049203136,9.431600727189194,1.4239995032985395,5.076306923024653,6.850787070581399,4.3431064763494724,2.801036470596279,1.5809972848022502,TCGA-G9-7525
1.4694399422065594,3.87222340475181,5.771060365292694,4.6786631833692995,0.6558086949045775,2.672174287863713,8.338255144092837,2.4427904153226536,1.9426190249570996,7.1227116465853415,3.8133710480999894,3.4298561025766032,1.5792054833569362,TCGA-YL-A8SJ
1.3153889476041163,4.468838304223308,6.432846197655933,4.763561860072604,0.23901690047049992,4.381170017882459,9.837007451752076,2.191642359039986,5.46154486994802,7.5545486300975,3.9829175342846828,3.5522690404511517,1.978404997502064,TCGA-J4-A6M7
1.2369819579328816,3.8812606592180314,5.730172507601802,4.430912032403692,0.4866763635329876,3.8493366346672873,8.752722426495003,1.7081423253064407,1.839358448027334,7.024730432834323,3.3664886077185026,2.6523612952416213,1.7042206804540052,TCGA-ZG-A8QW
1.0869107586937687,4.13566403298053,6.10605315266774,3.900128545981071,0.5581861951258283,4.07740523177625,9.674375575551263,2.0716487566498776,1.9978789295364696,6.9854075626365795,4.023836257331485,2.9110889994848863,1.679952292506262,TCGA-V1-A8MJ
1.0695953395976172,3.9966122848395655,5.941210975179554,5.05730448042283,0.3023982562874615,3.7081378156773304,9.376125485682318,1.710332470532326,4.1395186725326285,7.540399730296446,3.8970616402879856,3.5323776792942443,1.5559527439604477,TCGA-HC-7747
1.0288333940601933,4.145466925335066,5.988837599701022,3.411645938215268,0.3154674584597176,3.781495097823398,9.07541726851409,2.2522597510419806,1.174028927952864,7.579078745224788,4.00767130988007,3.6615724895816926,1.3314949274030525,TCGA-CH-5768
0.7682082697818243,3.572320356639541,4.906411909437619,3.469631430370072,0.1393270652210992,3.2818543798910804,9.441122570399012,0.9876807279608281,0.9792279716447525,6.373108675143758,3.1790491681682034,2.8589441549783445,1.7659287091935336,TCGA-HC-A6HX
1.1990004626993782,4.737993327862253,5.468535555533955,3.1552883180398,0.36727852672292355,3.519093003573061,9.948187070934692,2.102620814627241,2.150645300686168,7.170653170276273,3.950164290054171,3.9296369648273686,1.8669133228284793,TCGA-EJ-7797
1.856766630536665,4.0846275041587194,6.44594788861391,5.111418951900964,0.849723487602042,4.517359216682439,8.924999237390052,2.4979709391172014,5.06987417189908,7.860134014502829,4.6923602136854,3.325075588259109,2.326614070793407,TCGA-HC-7744
0.8984525737442752,4.039323274864368,6.159529966353733,3.861283242024576,0.35501356461206623,3.731483859196282,10.35796402574382,2.189293207009939,1.6734450424083926,7.296106102959263,3.68875944691336,3.385193330631414,1.5577445380252102,TCGA-V1-A8WL
1.5215243103799947,4.038889990136688,6.17339352685365,4.609026739915012,0.5820480080412256,4.409706245155623,9.090823199823888,2.018682535834272,4.720985063869772,7.490897564319754,4.099660408044336,3.057650176368979,2.0380725225689074,TCGA-EJ-5499
1.4094980609515257,4.219022293265158,5.648287030256949,3.818272608529746,0.5968014647732607,3.390052170557157,9.261643300317326,2.62801804892852,2.1998766131340184,7.017872742402128,3.940573532540827,3.416099130358624,1.6987848931100629,TCGA-HC-8266
1.155181640156004,4.086371192559404,5.716708900594643,3.9298491710061154,0.4099218288251057,3.641612254644808,9.306304138146398,2.0910983364869073,1.7839792819090927,7.040018480291887,4.038167431472262,3.7864280359171385,1.2424239907001886,TCGA-G9-6370
1.1864705291897941,4.080242257174275,5.970932193626401,4.985931314774617,0.2653597734472895,2.7054067101567925,9.201465587315788,2.0109485452345357,5.1342389864448705,7.321178768331784,3.6893193573423217,3.2681039883400276,1.813080550931739,TCGA-KC-A7F6
1.3467215860000674,3.479916136373546,6.307861437105623,3.039098229458761,0.561442689562517,3.643021362216325,9.574913684516945,1.650810155539832,1.6567221814075437,7.323970595975527,4.134598395369246,3.2786530289040616,1.2117921533780676,TCGA-M7-A725
0.6757975422248323,3.510978113753473,5.538642859257013,2.7988350053076485,0.049361429537724114,3.0361061676922643,9.560948876222486,1.0479153076784493,0.8455248609808278,7.001902874155857,3.9688172418524377,2.790901269329423,1.2146753274590716,TCGA-G9-6369
1.9541475568330695,3.8891330171339002,6.315685795893155,4.358388185008481,0.6195544602565719,3.7084859837528548,9.595858243532753,2.3244248595985018,1.776510458465316,7.503133334007149,4.716740182851632,2.14570903603143,1.9775887556278104,TCGA-V1-A9OL
1.413520347373482,4.00063260458007,6.292577889857872,4.783934590276713,0.32901593594475814,4.042168422100563,9.687471521245223,2.0906658132011438,2.2692351133124915,7.565901510647238,4.3564434068534785,3.75859439817706,1.696990809441962,TCGA-EJ-5504
0.4642370343513985,3.6531227344018173,5.494956354680442,3.017361662676868,0.10201492540672975,3.324463914629076,9.251961451942604,1.1446048925185826,1.5667600301523712,6.912231844195876,3.0500784032941044,3.1918540017718935,1.1779778440488502,TCGA-M7-A723
1.3878930824835878,4.059691003722222,6.296734295661638,4.9832723192601565,0.39298758659705174,4.392929482036161,7.75201972894272,2.2977534393318644,1.7346951686063774,7.144843943647539,4.546737784499804,3.64184025610815,1.65605428706268,TCGA-EJ-5494
1.82501692462937,3.8477233890838853,6.354139057601047,3.9097003100585006,0.5972968549031111,1.4752434428797943,9.868739092334641,1.8315569391021211,5.519559511334017,7.626110744028893,4.586470430305377,2.2158827591547525,2.2514917786091613,TCGA-KK-A6E1
1.115174376967088,3.8485271405355856,6.067972013172266,4.092087015880881,0.2987703694372014,3.94974259245516,9.181818832391679,2.242091712565083,4.573702222457362,6.315286389555004,3.943199915302869,2.7136478383906812,1.5977903420844835,TCGA-V1-A9ZG
1.2325019504399097,4.165559186010784,5.905582532148911,4.805306284033049,0.25626880174603756,4.1166636284713665,8.988154624321567,1.8151829841716431,4.837321049395588,7.101611060122293,3.606157953342498,3.2161641516032344,1.7875171499699225,TCGA-J9-A8CM
0.7421278027815672,3.867354037451744,5.341504242530491,4.2492963496483895,0.13619035445026548,3.3226302514551884,9.324077268596467,0.8834369070030769,1.814466371763126,6.478280737363621,3.423734828020795,3.1763774259670012,1.7533650812407433,TCGA-EJ-A65B
1.1184475951688804,3.698470809652086,6.043404982054904,4.2723540576502606,0.38573847792413096,3.70032866109084,9.523659006479777,1.3470596478686083,1.652708107663876,6.298731024517768,3.5557822529289522,2.313584378452415,1.9193461436440473,TCGA-VP-AA1N
0.9270328284060572,3.7840850829984585,6.3096989814554645,3.9378330422479433,0.2615947376884625,3.4467187169636286,9.960082333676116,1.650906098127861,1.376521764471063,7.071215150654943,3.721477323031084,3.13703650425172,1.2058510393377084,TCGA-VN-A88O
1.1074729171003062,4.260027065672011,5.939471270948237,4.635138613059793,0.2780861787783339,3.9416361751237923,9.842325654850358,2.2918981909389005,1.7980397071852054,7.73268600682448,4.392366741039853,3.6883768278185007,1.7544728844420383,TCGA-H9-7775
1.1350727856708842,4.148299145570016,5.914207892282432,3.5826602365437967,0.4089257797371451,3.80101993378413,9.386375913106296,1.9733863403393312,1.8252748352325372,7.400738835497488,4.03880366302913,3.3594270209181127,1.5550662003667621,TCGA-XK-AAJU
0.9308246016511922,3.5901027729303046,5.636523456319625,4.056710190164188,0.17454136947499233,3.5594425248650228,9.823595532675279,1.5020531271019595,1.322368985303636,7.263166955334262,3.7658752168694845,2.974483100514817,1.3801756801117135,TCGA-J4-AAU2
0.6348292712354303,3.7429035165581466,6.04214696744997,3.9032728340953393,0.16118303759138985,3.7924373460213867,9.807514139841485,1.7428843014459183,5.360408207057952,7.327972372845461,3.5111513313301144,3.053614314401641,1.665761533487044,TCGA-EJ-A7NF
0.48261131728481804,3.697291473659871,5.412811889858883,5.069165803219832,0.26282569645291437,3.6356527128746783,8.749123037941082,1.0501570683987065,1.0101817232886832,5.999001324117558,3.0899281964409475,2.615708278327755,1.4521055096236255,TCGA-ZG-A9LB
1.7705358327764282,3.706851976416546,5.749373877445433,5.040580429468536,0.7272587101887131,3.8250938068799574,9.669333330657238,1.8766825561458929,1.3346325777959989,7.1025560619857515,4.3475594057916345,3.0157309600606803,1.8788236226027646,TCGA-YL-A8HM
0.39602064928016467,3.565869657710874,5.830398091670629,1.6535313499446118,0.06335031550076171,3.606212263830138,9.566261650980833,1.3346325777959989,4.784734612054561,6.879949661014535,3.23901565020869,3.01651481273652,0.9660328237689692,TCGA-G9-6362
0.9754271880977314,4.231693450595303,6.0752979839574275,3.669938705293774,0.2304765986810017,3.789787572545475,10.28050622685816,1.7266696850618262,4.58476541744125,7.784884636742415,3.8923732064531236,3.4112137169376435,1.2904440354630564,TCGA-G9-6351
1.2635898598944049,4.198395220391044,6.293581557730307,3.456165249859777,0.32266304134702645,3.5725703317135533,10.16719076636456,2.233910028144072,1.4038395403356394,7.690849236526537,4.5676084958947,3.7712287303809284,1.4077622677351316,TCGA-FC-A5OB
0.45209420870216765,4.230390914682272,5.937988609328498,5.0044166651079,0.2179299842613223,3.736025410170879,9.655859134707086,1.1147152702495073,0.8867795284997666,6.778270203250443,4.180236284854885,3.3126138604102,1.4409955918899773,TCGA-KK-A7AP
2.2229356413185655,4.0943395622096,6.515351153678436,4.213215894357873,1.0908153043658853,3.899903864405533,7.356299416589725,2.9858940364180877,2.4142427400368334,8.516741149260575,4.936979424856814,3.0376081125850036,2.492560616641495,TCGA-EJ-5514
0.9275471401298544,3.8648454403216426,6.052032696741658,3.290708925748959,0.14988444953729207,3.4218068728985434,9.768042633143601,1.3732091215712352,1.9177458026795375,7.317526436073207,4.40986915912768,3.1742340442450803,1.7831558977538875,TCGA-VN-A88R
1.604344965368091,4.082199441244877,5.271469157327715,3.951555208524936,0.8699954528888514,3.65748166196652,8.923367994298147,2.415234976538681,4.380843434969101,6.506589714574756,3.5515178785519184,3.3923651588265162,2.018841919550906,TCGA-J4-A6G1
1.425202525434872,3.7269456549203928,5.659591965834422,4.957081903755218,0.7692282049652809,3.3818242621143155,8.578101368321246,1.9489341436000538,5.016137462699709,7.233743969044522,3.624834144660817,2.896690640529326,1.9175106745336155,TCGA-YL-A8SF
0.9655379344427677,4.128821670455547,5.499355994314795,4.819586162578068,0.34988192353113057,3.7879258274648664,8.979785562508797,1.9060400822604402,3.1599747169480397,6.634402582220581,3.5605630113984876,3.2687358926770367,1.6661773496267012,TCGA-J4-AATV
1.4722426732562555,3.7412821329069845,6.331057801140699,3.6584485967428235,0.3115938924980938,3.5213450268319963,9.880789719674095,2.058600875807984,5.934628551873804,7.336930468374346,4.589859574465274,1.7283935936062351,1.4253467908835473,TCGA-YL-A8HL
1.1431394107181871,4.060677465818254,6.374146410289291,4.02817448860412,0.3250501089205192,4.039245790568107,8.88350779617302,2.1190708252030293,5.2220182263071715,7.388066848398533,4.377890593033908,3.0995561091235206,1.5831144707645846,TCGA-HC-A48F
1.4067585342522446,4.207189499589553,6.199638003608847,2.8836995481281003,0.5011994403713582,3.853087955480964,9.008430054055049,2.622884392729903,3.046425387869509,7.911777874899446,4.133379360658415,3.7424652437251122,1.4684732470775346,TCGA-EJ-5506
0.9537021168723012,3.799615495708602,5.49089819986587,4.094902739745372,0.23459770135932564,3.6277511117015813,10.003797869882519,1.1151415906193203,1.3584348642408113,6.498006961013152,3.6935908380940092,2.6602175783436404,1.7976752696573592,TCGA-HC-A6AL
0.9643187008847366,4.015304962378748,5.718556466459741,3.035068364666364,0.3161966403499822,3.8959627268016312,9.829593602862577,1.6412272349235077,3.670381924806764,7.332833846168505,3.887381891511695,3.395665441993326,1.3237804557306483,TCGA-G9-6385
1.2249805874829165,3.7274124308307197,6.324972036061977,5.369952211613921,0.31232590336454086,3.8800740289947258,9.928486596220477,2.10582784112376,5.350178999400681,7.589476025784867,3.9482488538321907,3.1552414282202106,1.2282067751708938,TCGA-VP-A875
1.1445412205565095,3.82221207698506,6.340450128527217,4.164865155037219,0.37052853822726806,3.6021362229881726,9.568813832613722,2.6488237680308386,1.31780136467459,7.683493548102218,4.67004552539602,3.2549222746045228,1.3182831505033468,TCGA-ZG-A9L5
0.9636322281832047,4.145726602671603,5.910142229415974,3.3435965170141055,0.2609016569168117,3.5436600216942225,9.878825980463995,1.7798049646931733,1.6220579437902027,7.524941995661535,4.035805784353228,3.3843699241558833,1.225861489583573,TCGA-EJ-A46B
0.8595933881956098,3.871434317023236,5.189229914482576,3.2631414831661867,0.2067702371962645,3.345388644833577,8.940129806641213,1.4595448228594834,2.0041925341774225,6.595829829685162,3.232853677918865,3.0392705755684744,1.187751954798385,TCGA-XK-AAJT
1.524903465319363,4.062597584336148,6.425555174187872,3.7837963747838415,0.753583549363776,3.672656063700353,9.426070858294116,2.658663859254177,5.156829260208718,7.513850536275918,4.4382060972751685,3.192363457528053,1.8558760263513323,TCGA-CH-5791
2.5982502159366643,3.621745567928304,6.076489974237304,3.942375667237066,1.1764988273251809,3.7095126187714,9.169659367516362,2.655197797197982,1.9471950375181877,7.281896063232272,4.3988284404761515,1.9423753375351815,2.399158111445522,TCGA-V1-A9O5
1.2916264750008075,4.429334748768495,6.292258531502707,4.170379248498098,0.46197145754847135,3.6091406585877577,9.997372735696652,2.4288388175183164,1.9081341061489816,7.254479993167696,4.374145661223006,3.686301133099136,1.2879094591984896,TCGA-V1-A8WN
0.8255779677404349,4.083888420134662,6.060037263675549,4.477385676920782,0.16135325035775827,4.322685251654244,10.325660153275978,1.7112541545684048,1.2518196665831236,7.515454477994491,4.1296360918751,3.4318817637931502,1.500047063661736,TCGA-G9-6371
1.7751557200612749,3.9996638509275644,6.0435110702475185,4.2307719656895415,0.8449665736201245,4.310513178466322,9.505133647283586,2.488217828447025,2.167028794487819,7.3682560866025115,4.295141613337404,2.8889819036071103,1.9810152618749077,TCGA-EJ-7788
0.6434315883140125,3.5314270796868463,5.239258736675912,3.887508976890693,0.2192158479762298,3.0611313617974485,8.706093080127703,1.3534612040246503,1.5820667156379684,5.959762815432387,3.3693936280686203,2.8103420131015726,0.8491247620142979,TCGA-KK-A59Z
